experiment,ppid,session_num,trial_num,block_num,trial_num_in_block,start_time,end_time,Scene Distance,Nonius Start,Discrepancy,right eye pupil,left eye pupil
disparometer_random,jo1,1,1,1,1,5.710661,11.4017,9,-0.558514,-0.063265,,
disparometer_random,jo1,1,2,1,2,11.4017,15.97767,9,-0.924688,-0.066592,(0.5152515_ 0.5185944),(0.5063618_ 0.3900574)
disparometer_random,jo1,1,3,1,3,15.97767,18.5994,5,0.647515,0.398008,(0.5175659_ 0.5119092),(0.504245_ 0.3893189)
disparometer_random,jo1,1,4,1,4,18.5994,20.63186,6,0.30413,0.30413,(0.5394061_ 0.4998092),(0.5187266_ 0.380173)
disparometer_random,jo1,1,5,1,5,20.63186,24.55485,7,-0.423077,,(0.536392_ 0.5063941),(0.5165727_ 0.3875753)
