experiment,ppid,session_num,trial_num,block_num,trial_num_in_block,start_time,end_time,Scene Distance,Nonius Start,Discrepancy,right Pupil X,right Pupil Y,left pupil X,left Pupil Y
disp_regular,jo112,1,1,1,1,10.82719,36.26339,0.6,0.5,-0.00113,,,,
disp_regular,jo112,1,2,1,2,36.26339,49.48593,0.7,0.5,0.002824,0.536654,0.274523,0.496269,0.249981
disp_regular,jo112,1,3,1,3,49.48593,55.14129,0.8,0.5,-0.002486,0.558624,0.53562,0.500651,0.462102
disp_regular,jo112,1,4,1,4,55.14129,58.4301,0.9,0.5,0.001354,0.577561,0.633619,0.520266,0.56347
disp_regular,jo112,1,5,1,5,58.4301,61.11909,1,0.5,0.005432,0.57532,0.585831,0.508154,0.512889
disp_regular,jo112,1,6,1,6,61.11909,64.30788,1.1,0.5,0.008525,0.579787,0.577676,0.509706,0.505117
disp_regular,jo112,1,7,1,7,64.30788,67.30628,1.2,0.5,,0.576885,0.562762,0.502632,0.488861
