experiment,ppid,session_num,trial_num,block_num,trial_num_in_block,start_time,end_time,target_x_pos,right eye pupil,left eye pupil
calibration,jo113,1,1,1,1,7.214886,13.20381,-0.5,,
calibration,jo113,1,2,1,2,13.20381,13.78285,-0.4,(0.3913599_ 0.439852),(0.2919703_ 0.3883994)
calibration,jo113,1,3,1,3,13.78285,14.31531,-0.3,(0.430478_ 0.4404912),(0.3324795_ 0.3893038)
calibration,jo113,1,4,1,4,14.31531,15.18241,-0.2,(0.4742053_ 0.4365155),(0.3864435_ 0.3921435)
calibration,jo113,1,5,1,5,15.18241,16.13779,-0.1,(0.5217878_ 0.4338658),(0.4361625_ 0.3941374)
calibration,jo113,1,6,1,6,16.13779,22.41967,0,(0.5703943_ 0.4297852),(0.4823601_ 0.3948689)
