experiment,ppid,session_num,trial_num,block_num,trial_num_in_block,start_time,end_time,Scene Distance,Nonius Start,Discrepancy,right Pupil X,right Pupil Y,left pupil X,left Pupil Y
calibration,joj,1,1,1,1,3.810322,22.05518,0.6,0.7,0.004592,,,,
calibration,joj,1,2,1,2,22.05518,24.05581,0.7,0.7,0.510754,-1,-1,0.511946,0.376391
calibration,joj,1,3,1,3,24.05581,26.46824,0.8,0.7,0.319384,0.59838,0.431559,0.541482,0.370759
calibration,joj,1,4,1,4,26.46824,32.60564,0.9,0.7,-0.024389,0.586867,0.408707,0.525171,0.345168
calibration,joj,1,5,1,5,32.60564,36.82855,1,0.7,,0.576355,0.406987,0.513356,0.343847
