experiment,ppid,session_num,trial_num,block_num,trial_num_in_block,start_time,end_time,target_x_pos,right eye pupil,left eye pupil
calibration,jo2,1,1,1,1,4.658868,12.42824,-0.4,,
calibration,jo2,1,2,1,2,12.42824,14.0956,-0.3,(0.3995626_ 0.4741636),(0.4233047_ 0.497019)
calibration,jo2,1,3,1,3,14.0956,17.10721,-0.2,(0.4033425_ 0.4891942),(0.4239945_ 0.5146748)
calibration,jo2,1,4,1,4,17.10721,19.6293,-0.1,(0.4362238_ 0.4796272),(0.4555653_ 0.5087092)
calibration,jo2,1,5,1,5,19.6293,22.2291,0,(0.4643611_ 0.4718409),(0.4819439_ 0.5045855)
calibration,jo2,1,6,1,6,22.2291,24.46225,0.1,(0.4975607_ 0.4662505),(0.5155835_ 0.5025978)
calibration,jo2,1,7,1,7,24.46225,26.61627,0.2,(0.5347762_ 0.4628532),(0.549652_ 0.5011984)
calibration,jo2,1,8,1,8,26.61627,28.29956,0.3,(0.574796_ 0.4513308),(0.5806575_ 0.4967371)
calibration,jo2,1,9,1,9,28.29956,30.32142,,,
