experiment,ppid,session_num,trial_num,block_num,trial_num_in_block,start_time,end_time,Scene Distance,Nonius Start,Discrepancy,right Pupil X,right Pupil Y,left pupil X,left Pupil Y
calibration,jo1234,1,1,1,1,6.922092,22.19849,0.6,0.5,0.001833,,,,
calibration,jo1234,1,2,1,2,22.19849,26.30899,0.7,0.5,0.000892,0.54582,0.39478,0.487984,0.334826
calibration,jo1234,1,3,1,3,26.30899,30.89852,0.8,0.5,0.010045,0.602849,0.395182,0.530667,0.335022
calibration,jo1234,1,4,1,4,30.89852,37.97004,0.9,0.5,,0.583448,0.37298,0.512643,0.310382
