experiment,ppid,session_num,trial_num,block_num,trial_num_in_block,start_time,end_time,target_x_pos,right eye pupil,left eye pupil
calibration,jo4,1,1,1,1,4.660203,13.10255,-0.4,,
calibration,jo4,1,2,1,2,13.10255,14.96971,-0.3,(0.34182_ 0.554893),(0.3530295_ 0.5238372)
calibration,jo4,1,3,1,3,14.96971,16.81406,-0.2,(0.3747394_ 0.547473),(0.3876968_ 0.5202152)
calibration,jo4,1,4,1,4,16.81406,18.59493,-0.1,(0.4100839_ 0.5395967),(0.424591_ 0.5144327)
calibration,jo4,1,5,1,5,18.59493,20.30266,0,(0.4476705_ 0.5322083),(0.465696_ 0.5102812)
calibration,jo4,1,6,1,6,20.30266,22.31421,0.1,(0.4787708_ 0.528116),(0.4980359_ 0.5107647)
calibration,jo4,1,7,1,7,22.31421,23.9357,0.2,(0.5262291_ 0.5172447),(0.5413028_ 0.5059558)
calibration,jo4,1,8,1,8,23.9357,25.74694,0.3,(0.562942_ 0.5149975),(0.5785446_ 0.5050867)
calibration,jo4,1,9,1,9,25.74694,27.60324,,,
